GimmickId,ラベル,正解,画像,ギミック解除方法,付則情報,参考情報
gimmickLockDoorB,ドアBの電子錠,3952,gimmick_DoorA,"1.左の上下から、左の枠に入る絵（りんご）を選択する
2.りんご選択時の右の数値の表示から、数値""1234""の位置をタップする
3. OKボタンを押す","・左の空白は、りんご・ぶどう・バナナ・みかん・桃が入る。　
・右の空白には、１～９までの数字が入る
・右の空白に入る数字の並びは、左の空白に入る果物の絵によって、並び方が変わる","・りんごは、焼かれた食パン（itemToastedBread）に書かれている
・数値は、冷凍後の青い紙（itemFrozenBluePaper）に書かれている"
gimmickLockEntrance,玄関ドアの電子錠,ESCAPE,gimmick_DoorEntrance,"1. 1行目 RICEからEの位置を選択する
2. 2行目 PASTAからSの位置を選択する
3. 3行目 CAKEからCの位置を選択する
4. 4行目 TOASTからAの位置を選択する
5. 5行目 PIZZAからPの位置を選択する
6. 6行目 SCONEからEの位置を選択する　
1 ~ 6は順不同
7.OKボタンを押す","・選択した行の右にある枠に、選択した文字が表示される
・選択した文字が上から""ESCAPE""となればOK
・選択した文字部分は色が変わる
・同じ文字を二度選択すると、選択解除となる
・すべての行を選択した後、ＯＫボタンを押す（現在の画像には書いていない）","・""ESCAPE""の文字(暗号文字)は、部屋の電気の色を変えて、絵(itemIllust)を確認すると表示される 
・暗号文字の解読として塩""SALT"", 電話""PHONE""を使う"
gimmickPcGame,チャット画面,"2, 51, 131",未,"1. ゲームアイコンのぴぐまを選択する
2. 番地欄(2/51/131用に3つ)にそれぞれ数値を入力する。テンキー画像を表示しタップする
3.  証拠写真を添付する
4. 送信ボタンを押す","・番地欄は3つとも入力後に検証される
・添付は、添付ボタンをタップしてアイテムを選択する
・間違えた数字を選択した場合、添付アイコンを押すことができない。""住所が間違えているみたいだ""と表示され、数字が消える
・添付するアイテムが間違えている場合、送信ボタンが押せない。""添付するアイテムが間違えているみたいだ""と表示される","・数字は段ボールに書かれている
・証拠写真は、ぴつじの部屋の小窓にカメラを使うと入手できる"
gimmickPhoto,写真ギミック,NA,未,"1. 写真の中のマラカス部分を選択する
2. 写真の中のタンバリン部分を選択する
1, 2は順不同
3. OKボタンを押す","・選択位置以外をタップした場合は、""ここではないようだ""というメッセージを表示する
・選択位置を選択した場合、該当位置を〇で囲む(TBD. 画像が用意される可能性あり)
・正解位置を選択した場合、再度タップしても選択解除はされない",・マラカス・タンバリンの情報は、調査ノートに書いてある